{"cameraMode":{"drawMode":0,"name":"Shaded","section":"Shading Mode"},"sceneLighting":true,"audioPlay":false,"sceneViewState":{"m_AlwaysRefresh":false,"showFog":true,"showSkybox":true,"showFlares":true,"showImageEffects":true,"showParticleSystems":true,"showVisualEffectGraphs":true,"m_FxEnabled":true},"in2DMode":false,"pivot":{"x":0.06104320287704468,"y":0.849675178527832,"z":3.2290947437286379},"rotation":{"x":-0.0015349319437518716,"y":-0.9403700828552246,"z":-0.004220198839902878,"w":0.34016385674476626},"size":0.7762334942817688,"orthographic":false}